{
  "allowMovement": {
    "io.github.bumblesoftware.fastload.client.BuildingTerrainScreen": true,
    "net.minecraft.class_433": false,
    "me.shedaniel.rei.impl.client.gui.screen.DefaultDisplayViewingScreen": false,
    "com.cobblemon.mod.common.client.gui.summary.Summary": true,
    "com.cobblemon.mod.common.client.gui.battle.BattleGUI": true,
    "me.shedaniel.clothconfig2.gui.ClothConfigScreen": false,
    "net.minecraft.class_434": false,
    "com.cobblemon.mod.common.client.gui.pokedex.PokedexGUI": false,
    "net.minecraft.class_429": false,
    "me.flashyreese.mods.reeses_sodium_options.client.gui.SodiumVideoOptionsScreen": false,
    "net.minecraft.class_443": false,
    "dev.emi.emi.screen.BoMScreen": true,
    "dev.emi.emi.screen.RecipeScreen": true,
    "com.cobblemon.mod.common.client.gui.startselection.StarterSelectionScreen": true,
    "net.minecraft.class_458": true,
    "net.minecraft.class_4288": true,
    "xaero.map.gui.GuiMap": true,
    "dev.emi.emi.screen.ConfigScreen": true,
    "dev.emi.emi.screen.ConfigEnumScreen": true,
    "xaero.common.gui.GuiMinimapMain": true,
    "com.cobblemon.mod.common.client.gui.interact.partyselect.PartySelectGUI": true,
    "dev.emi.emi.screen.ConfigPresetScreen": true,
    "com.cobblemon.mod.common.client.gui.pc.PCGUI": true,
    "betteradvancements.common.gui.BetterAdvancementsScreen": true,
    "xaero.common.gui.GuiAddWaypoint": true,
    "com.cobblemon.mod.common.client.gui.interact.wheel.InteractWheelGUI": true,
    "net.p3pp3rf1y.sophisticatedbackpacks.client.gui.BackpackScreen": true,
    "net.p3pp3rf1y.sophisticatedbackpacks.client.gui.BackpackSettingsScreen": true,
    "net.minecraft.class_6599": true,
    "io.wispforest.accessories.client.gui.ScreenVariantSelectionScreen": true,
    "io.wispforest.accessories.client.gui.AccessoriesExperimentalScreen": true,
    "soul.software.medal.client.AdScreen": true,
    "io.wispforest.accessories.compat.config.client.ExtendedConfigScreen": true,
    "io.wispforest.accessories.client.gui.AccessoriesScreen": true,
    "com.terraformersmc.modmenu.gui.ModsScreen": true,
    "com.cobblemon.mod.common.client.gui.interact.moveselect.MoveSelectGUI": true
  },
  "hideBackground": {
    "me.shedaniel.rei.impl.client.gui.screen.DefaultDisplayViewingScreen": true,
    "com.cobblemon.mod.common.client.gui.summary.Summary": true,
    "com.cobblemon.mod.common.client.gui.pokedex.PokedexGUI": true,
    "dev.emi.emi.screen.RecipeScreen": true,
    "com.cobblemon.mod.common.client.gui.interact.partyselect.PartySelectGUI": true,
    "com.cobblemon.mod.common.client.gui.pc.PCGUI": true,
    "com.cobblemon.mod.common.client.gui.interact.wheel.InteractWheelGUI": true,
    "net.p3pp3rf1y.sophisticatedbackpacks.client.gui.BackpackScreen": true,
    "net.p3pp3rf1y.sophisticatedbackpacks.client.gui.BackpackSettingsScreen": true,
    "io.wispforest.accessories.client.gui.AccessoriesScreen": true,
    "com.cobblemon.mod.common.client.gui.interact.moveselect.MoveSelectGUI": true
  }
}