{
  "version": 1,
  "displayDebugData": false,
  "enabled": true,
  "leafSize": 5,
  "leafLifespan": 100,
  "leafSpawnRate": 3,
  "coniferLeafSpawnRate": 1,
  "cherrySpawnRate": 10,
  "snowflakeSpawnRate": 2,
  "dropFromPlayerPlacedBlocks": true,
  "leavesOnBlockHit": true,
  "minimumFreeSpaceBelow": 1,
  "windEnabled": false,
  "windlessDimensions": [
    "minecraft:the_end",
    "minecraft:the_nether"
  ],
  "leafSettings": {
    "minecraft:jungle_leaves": {
      "spawnRateFactor": 0.0,
      "isConiferBlock": false,
      "spawnBreakingLeaves": false
    },
    "minecraft:flowering_azalea_leaves": {
      "spawnRateFactor": 1.0,
      "isConiferBlock": false,
      "spawnBreakingLeaves": false
    },
    "minecraft:mangrove_leaves": {
      "spawnRateFactor": 1.0,
      "isConiferBlock": false,
      "spawnBreakingLeaves": false
    },
    "cobblemon:apricorn_leaves": {
      "spawnRateFactor": 1.0,
      "isConiferBlock": false,
      "spawnBreakingLeaves": false
    },
    "minecraft:azalea_leaves": {
      "spawnRateFactor": 1.0,
      "isConiferBlock": false,
      "spawnBreakingLeaves": false
    },
    "minecraft:birch_leaves": {
      "spawnRateFactor": 1.0,
      "isConiferBlock": false,
      "spawnBreakingLeaves": false
    },
    "minecraft:acacia_leaves": {
      "spawnRateFactor": 1.0,
      "isConiferBlock": false,
      "spawnBreakingLeaves": false
    },
    "minecraft:oak_leaves": {
      "spawnRateFactor": 1.0,
      "isConiferBlock": false,
      "spawnBreakingLeaves": false
    },
    "minecraft:dark_oak_leaves": {
      "spawnRateFactor": 1.0,
      "isConiferBlock": false,
      "spawnBreakingLeaves": false
    },
    "minecraft:spruce_leaves": {
      "spawnRateFactor": 1.0,
      "isConiferBlock": true,
      "spawnBreakingLeaves": false
    },
    "byg:mahogany_leaves": {
      "spawnRateFactor": 1.0,
      "isConiferBlock": false,
      "spawnBreakingLeaves": false
    },
    "byg:flowering_jacaranda_leaves": {
      "spawnRateFactor": 1.0,
      "isConiferBlock": false,
      "spawnBreakingLeaves": false
    },
    "byg:red_oak_leaves": {
      "spawnRateFactor": 1.0,
      "isConiferBlock": false,
      "spawnBreakingLeaves": false
    },
    "byg:blooming_witch_hazel_leaves": {
      "spawnRateFactor": 1.0,
      "isConiferBlock": false,
      "spawnBreakingLeaves": false
    },
    "byg:redwood_leaves": {
      "spawnRateFactor": 1.0,
      "isConiferBlock": true,
      "spawnBreakingLeaves": false
    },
    "byg:pink_cherry_leaves": {
      "spawnRateFactor": 1.4,
      "isConiferBlock": false,
      "spawnBreakingLeaves": false
    },
    "byg:green_apple_skyris_leaves": {
      "spawnRateFactor": 1.0,
      "isConiferBlock": false,
      "spawnBreakingLeaves": false
    },
    "byg:white_cherry_leaves": {
      "spawnRateFactor": 1.4,
      "isConiferBlock": false,
      "spawnBreakingLeaves": false
    },
    "byg:rainbow_eucalyptus_leaves": {
      "spawnRateFactor": 1.0,
      "isConiferBlock": false,
      "spawnBreakingLeaves": false
    },
    "byg:ebony_leaves": {
      "spawnRateFactor": 1.0,
      "isConiferBlock": false,
      "spawnBreakingLeaves": false
    },
    "byg:witch_hazel_leaves": {
      "spawnRateFactor": 1.0,
      "isConiferBlock": false,
      "spawnBreakingLeaves": false
    },
    "byg:fir_leaves": {
      "spawnRateFactor": 1.0,
      "isConiferBlock": true,
      "spawnBreakingLeaves": false
    },
    "byg:palm_leaves": {
      "spawnRateFactor": 0.0,
      "isConiferBlock": false,
      "spawnBreakingLeaves": false
    },
    "byg:lament_leaves": {
      "spawnRateFactor": 1.0,
      "isConiferBlock": false,
      "spawnBreakingLeaves": false
    },
    "byg:maple_leaves": {
      "spawnRateFactor": 1.0,
      "isConiferBlock": false,
      "spawnBreakingLeaves": false
    },
    "byg:withering_oak_leaves": {
      "spawnRateFactor": 1.0,
      "isConiferBlock": false,
      "spawnBreakingLeaves": false
    },
    "byg:brown_oak_leaves": {
      "spawnRateFactor": 1.0,
      "isConiferBlock": false,
      "spawnBreakingLeaves": false
    },
    "byg:orchard_leaves": {
      "spawnRateFactor": 1.0,
      "isConiferBlock": false,
      "spawnBreakingLeaves": false
    },
    "byg:brown_zelkova_leaves": {
      "spawnRateFactor": 1.0,
      "isConiferBlock": false,
      "spawnBreakingLeaves": false
    },
    "byg:cika_leaves": {
      "spawnRateFactor": 1.0,
      "isConiferBlock": false,
      "spawnBreakingLeaves": false
    },
    "byg:orange_spruce_leaves": {
      "spawnRateFactor": 1.0,
      "isConiferBlock": true,
      "spawnBreakingLeaves": false
    },
    "byg:yellow_birch_leaves": {
      "spawnRateFactor": 1.0,
      "isConiferBlock": false,
      "spawnBreakingLeaves": false
    },
    "byg:joshua_leaves": {
      "spawnRateFactor": 1.0,
      "isConiferBlock": false,
      "spawnBreakingLeaves": false
    },
    "byg:holly_leaves": {
      "spawnRateFactor": 1.0,
      "isConiferBlock": false,
      "spawnBreakingLeaves": false
    },
    "byg:jacaranda_leaves": {
      "spawnRateFactor": 1.0,
      "isConiferBlock": false,
      "spawnBreakingLeaves": false
    },
    "byg:red_spruce_leaves": {
      "spawnRateFactor": 1.0,
      "isConiferBlock": true,
      "spawnBreakingLeaves": false
    },
    "byg:orange_oak_leaves": {
      "spawnRateFactor": 1.0,
      "isConiferBlock": false,
      "spawnBreakingLeaves": false
    },
    "byg:nightshade_leaves": {
      "spawnRateFactor": 1.0,
      "isConiferBlock": false,
      "spawnBreakingLeaves": false
    },
    "byg:brown_birch_leaves": {
      "spawnRateFactor": 1.0,
      "isConiferBlock": false,
      "spawnBreakingLeaves": false
    },
    "byg:pine_leaves": {
      "spawnRateFactor": 1.0,
      "isConiferBlock": true,
      "spawnBreakingLeaves": false
    },
    "byg:silver_maple_leaves": {
      "spawnRateFactor": 1.0,
      "isConiferBlock": false,
      "spawnBreakingLeaves": false
    },
    "byg:flowering_palo_verde_leaves": {
      "spawnRateFactor": 1.0,
      "isConiferBlock": false,
      "spawnBreakingLeaves": false
    },
    "byg:green_enchanted_leaves": {
      "spawnRateFactor": 1.0,
      "isConiferBlock": false,
      "spawnBreakingLeaves": false
    },
    "byg:blue_enchanted_leaves": {
      "spawnRateFactor": 1.0,
      "isConiferBlock": false,
      "spawnBreakingLeaves": false
    },
    "byg:aspen_leaves": {
      "spawnRateFactor": 1.0,
      "isConiferBlock": false,
      "spawnBreakingLeaves": false
    },
    "byg:indigo_jacaranda_leaves": {
      "spawnRateFactor": 1.0,
      "isConiferBlock": false,
      "spawnBreakingLeaves": false
    },
    "byg:zelkova_leaves": {
      "spawnRateFactor": 1.0,
      "isConiferBlock": false,
      "spawnBreakingLeaves": false
    },
    "byg:ripe_orchard_leaves": {
      "spawnRateFactor": 1.0,
      "isConiferBlock": false,
      "spawnBreakingLeaves": false
    },
    "byg:red_maple_leaves": {
      "spawnRateFactor": 1.0,
      "isConiferBlock": false,
      "spawnBreakingLeaves": false
    },
    "byg:yellow_spruce_leaves": {
      "spawnRateFactor": 1.0,
      "isConiferBlock": true,
      "spawnBreakingLeaves": false
    },
    "byg:cypress_leaves": {
      "spawnRateFactor": 1.0,
      "isConiferBlock": true,
      "spawnBreakingLeaves": false
    },
    "byg:skyris_leaves": {
      "spawnRateFactor": 1.4,
      "isConiferBlock": false,
      "spawnBreakingLeaves": false
    },
    "byg:blue_spruce_leaves": {
      "spawnRateFactor": 1.0,
      "isConiferBlock": true,
      "spawnBreakingLeaves": false
    },
    "byg:orange_birch_leaves": {
      "spawnRateFactor": 1.0,
      "isConiferBlock": false,
      "spawnBreakingLeaves": false
    },
    "byg:palo_verde_leaves": {
      "spawnRateFactor": 1.0,
      "isConiferBlock": false,
      "spawnBreakingLeaves": false
    },
    "byg:willow_leaves": {
      "spawnRateFactor": 1.0,
      "isConiferBlock": false,
      "spawnBreakingLeaves": false
    },
    "byg:red_birch_leaves": {
      "spawnRateFactor": 1.0,
      "isConiferBlock": false,
      "spawnBreakingLeaves": false
    },
    "byg:flowering_orchard_leaves": {
      "spawnRateFactor": 1.0,
      "isConiferBlock": false,
      "spawnBreakingLeaves": false
    },
    "byg:white_mangrove_leaves": {
      "spawnRateFactor": 1.0,
      "isConiferBlock": false,
      "spawnBreakingLeaves": false
    },
    "byg:flowering_nightshade_leaves": {
      "spawnRateFactor": 1.0,
      "isConiferBlock": false,
      "spawnBreakingLeaves": false
    },
    "byg:holly_berry_leaves": {
      "spawnRateFactor": 1.0,
      "isConiferBlock": false,
      "spawnBreakingLeaves": false
    },
    "byg:firecracker_leaves": {
      "spawnRateFactor": 1.0,
      "isConiferBlock": false,
      "spawnBreakingLeaves": false
    },
    "byg:flowering_indigo_jacaranda_leaves": {
      "spawnRateFactor": 1.0,
      "isConiferBlock": false,
      "spawnBreakingLeaves": false
    },
    "byg:ripe_joshua_leaves": {
      "spawnRateFactor": 1.0,
      "isConiferBlock": false,
      "spawnBreakingLeaves": false
    },
    "byg:araucaria_leaves": {
      "spawnRateFactor": 1.0,
      "isConiferBlock": true,
      "spawnBreakingLeaves": false
    },
    "byg:ether_leaves": {
      "spawnRateFactor": 1.0,
      "isConiferBlock": false,
      "spawnBreakingLeaves": false
    },
    "byg:baobab_leaves": {
      "spawnRateFactor": 1.0,
      "isConiferBlock": false,
      "spawnBreakingLeaves": false
    },
    "byg:imparius_vine": {
      "spawnRateFactor": 1.0,
      "isConiferBlock": false,
      "spawnBreakingLeaves": false
    },
    "byg:shulkren_vine": {
      "spawnRateFactor": 1.0,
      "isConiferBlock": false,
      "spawnBreakingLeaves": false
    },
    "byg:imparius_vine_plant": {
      "spawnRateFactor": 1.0,
      "isConiferBlock": false,
      "spawnBreakingLeaves": false
    },
    "byg:embur_gel_vines_plant": {
      "spawnRateFactor": 1.0,
      "isConiferBlock": false,
      "spawnBreakingLeaves": false
    },
    "byg:poison_ivy": {
      "spawnRateFactor": 1.0,
      "isConiferBlock": false,
      "spawnBreakingLeaves": false
    },
    "byg:skyris_vine": {
      "spawnRateFactor": 1.0,
      "isConiferBlock": false,
      "spawnBreakingLeaves": false
    },
    "byg:shulkren_vine_plant": {
      "spawnRateFactor": 1.0,
      "isConiferBlock": false,
      "spawnBreakingLeaves": false
    },
    "byg:embur_gel_vines": {
      "spawnRateFactor": 1.0,
      "isConiferBlock": false,
      "spawnBreakingLeaves": false
    }
  },
  "leafSpawners": [],
  "fallSpawnRateFactor": 1.8,
  "winterSpawnRateFactor": 0.1,
  "startingSpawnRadius": 0,
  "decaySpawnRateFactor": 2.6,
  "maxDecayLeaves": 9,
  "registerParticles": true
}