{
  "hardInclude": "anything",
  "includeList": [],
  "includeListInSuperCategory": true,
  "excludeMode": "ONLY",
  "excludeList": [
    "minecraft:allay",
    "minecraft:armor_stand",
    "minecraft:axolotl",
    "minecraft:bat",
    "minecraft:bee",
    "minecraft:blaze",
    "minecraft:block_display",
    "minecraft:boat",
    "minecraft:camel",
    "minecraft:cat",
    "minecraft:cave_spider",
    "minecraft:chest_boat",
    "minecraft:chest_minecart",
    "minecraft:chicken",
    "minecraft:cod",
    "minecraft:cow",
    "minecraft:creeper",
    "minecraft:dolphin",
    "minecraft:donkey",
    "minecraft:drowned",
    "minecraft:elder_guardian",
    "minecraft:end_crystal",
    "minecraft:ender_dragon",
    "minecraft:enderman",
    "minecraft:endermite",
    "minecraft:evoker",
    "minecraft:fox",
    "minecraft:frog",
    "minecraft:ghast",
    "minecraft:glow_item_frame",
    "minecraft:glow_squid",
    "minecraft:goat",
    "minecraft:guardian",
    "minecraft:hoglin",
    "minecraft:horse",
    "minecraft:husk",
    "minecraft:illager_beast",
    "minecraft:illusioner",
    "minecraft:iron_golem",
    "minecraft:item_frame",
    "minecraft:leash_knot",
    "minecraft:llama",
    "minecraft:magma_cube",
    "minecraft:minecart",
    "minecraft:mooshroom",
    "minecraft:mule",
    "minecraft:ocelot",
    "minecraft:panda",
    "minecraft:parrot",
    "minecraft:phantom",
    "minecraft:pig",
    "minecraft:piglin",
    "minecraft:piglin_brute",
    "minecraft:pillager",
    "minecraft:polar_bear",
    "minecraft:pufferfish",
    "minecraft:rabbit",
    "minecraft:ravager",
    "minecraft:salmon",
    "minecraft:sheep",
    "minecraft:shulker",
    "minecraft:silverfish",
    "minecraft:skeleton",
    "minecraft:slime",
    "minecraft:sniffer",
    "minecraft:snow_golem",
    "minecraft:spider",
    "minecraft:squid",
    "minecraft:stray",
    "minecraft:strider",
    "minecraft:tadpole",
    "minecraft:text_display",
    "minecraft:trader_llama",
    "minecraft:tropical_fish",
    "minecraft:turtle",
    "minecraft:vex",
    "minecraft:villager",
    "minecraft:vindicator",
    "minecraft:wandering_trader",
    "minecraft:warden",
    "minecraft:witch",
    "minecraft:wither",
    "minecraft:wither_skeleton",
    "minecraft:wolf",
    "minecraft:zoglin",
    "minecraft:zombie",
    "minecraft:zombie_horse",
    "minecraft:zombie_pigman",
    "minecraft:zombie_villager",
    "minecraft:zombified_piglin"
  ],
  "name": "gui.xaero_entity_category_root",
  "protection": true,
  "settingOverrides": {
    "displayHeight": 0.0,
    "displayed": true,
    "heightBasedFade": true,
    "renderOrder": 0.0,
    "color": 13.0,
    "displayNameWhenIconFails": true,
    "entityNumber": 1000.0,
    "alwaysDisplayNametags": false,
    "startFadingAt": 0.0,
    "dotSize": 2.0,
    "renderOverMinimapFrame": 1.0,
    "icons": 0.0,
    "heightLimit": 20.0,
    "names": 2.0,
    "iconScale": 1.0
  },
  "subCategories": [
    {
      "hardInclude": "living",
      "includeList": [],
      "includeListInSuperCategory": true,
      "excludeMode": "ONLY",
      "excludeList": [
        "minecraft:armor_stand"
      ],
      "name": "gui.xaero_entity_category_living",
      "protection": true,
      "settingOverrides": {
        "renderOrder": 2.0,
        "color": 14.0
      },
      "subCategories": [
        {
          "hardInclude": "players",
          "includeList": [],
          "includeListInSuperCategory": true,
          "excludeMode": "ONLY",
          "excludeList": [],
          "name": "gui.xaero_entity_category_players",
          "protection": true,
          "settingOverrides": {
            "renderOrder": 6.0,
            "heightLimit": 2050.0,
            "color": 15.0
          },
          "subCategories": [
            {
              "hardInclude": "nothing",
              "includeList": [],
              "includeListInSuperCategory": true,
              "excludeMode": "ONLY",
              "excludeList": [],
              "name": "gui.xaero_entity_category_friend",
              "protection": true,
              "settingOverrides": {},
              "subCategories": []
            },
            {
              "hardInclude": "tracked",
              "includeList": [],
              "includeListInSuperCategory": true,
              "excludeMode": "ONLY",
              "excludeList": [],
              "name": "gui.xaero_entity_category_tracked",
              "protection": true,
              "settingOverrides": {
                "icons": 2.0
              },
              "subCategories": []
            },
            {
              "hardInclude": "same-team",
              "includeList": [],
              "includeListInSuperCategory": true,
              "excludeMode": "ONLY",
              "excludeList": [],
              "name": "gui.xaero_entity_category_same_team",
              "protection": true,
              "settingOverrides": {},
              "subCategories": []
            },
            {
              "hardInclude": "anything",
              "includeList": [],
              "includeListInSuperCategory": true,
              "excludeMode": "ONLY",
              "excludeList": [],
              "name": "gui.xaero_entity_category_other_teams",
              "protection": true,
              "settingOverrides": {
                "renderOrder": 7.0
              },
              "subCategories": []
            }
          ]
        },
        {
          "hardInclude": "hostile",
          "includeList": [],
          "includeListInSuperCategory": true,
          "excludeMode": "ONLY",
          "excludeList": [],
          "name": "gui.xaero_entity_category_hostile",
          "protection": true,
          "settingOverrides": {
            "renderOrder": 3.0
          },
          "subCategories": [
            {
              "hardInclude": "tamed",
              "includeList": [],
              "includeListInSuperCategory": true,
              "excludeMode": "ONLY",
              "excludeList": [],
              "name": "gui.xaero_entity_category_hostile_tamed",
              "protection": true,
              "settingOverrides": {
                "renderOrder": 5.0
              },
              "subCategories": []
            }
          ]
        },
        {
          "hardInclude": "anything",
          "includeList": [],
          "includeListInSuperCategory": true,
          "excludeMode": "ONLY",
          "excludeList": [],
          "name": "gui.xaero_entity_category_friendly",
          "protection": true,
          "settingOverrides": {},
          "subCategories": [
            {
              "hardInclude": "tamed",
              "includeList": [],
              "includeListInSuperCategory": true,
              "excludeMode": "ONLY",
              "excludeList": [],
              "name": "gui.xaero_entity_category_friendly_tamed",
              "protection": true,
              "settingOverrides": {
                "renderOrder": 4.0
              },
              "subCategories": []
            }
          ]
        }
      ]
    },
    {
      "hardInclude": "items",
      "includeList": [],
      "includeListInSuperCategory": true,
      "excludeMode": "ONLY",
      "excludeList": [],
      "name": "gui.xaero_entity_category_items",
      "protection": true,
      "settingOverrides": {
        "displayed": false,
        "renderOrder": 1.0,
        "names": 0.0,
        "color": 12.0
      },
      "subCategories": []
    },
    {
      "hardInclude": "anything",
      "includeList": [],
      "includeListInSuperCategory": true,
      "excludeMode": "ONLY",
      "excludeList": [
        "minecraft:painting"
      ],
      "name": "gui.xaero_entity_category_other_entities",
      "protection": true,
      "settingOverrides": {
        "displayed": false,
        "names": 0.0,
        "color": 5.0
      },
      "subCategories": []
    }
  ]
}